dateTime,eye.Left.Openness,eye.Left.Widen,eye.Left.Squeeze,eye.Left.Look.x,eye.Left.Look.y,eye.Right.Openness,eye.Right.Widen,eye.Right.Squeeze,eye.Right.Look.x,eye.Right.Look.y,eye.Combined.Openness,eye.Combined.Widen,eye.Combined.Squeeze,eye.Combined.Look.x,eye.Combined.Look.y,eye.eyeData.EyesDilation,eye.eyeData.EyesPupilDiameter,eye.SupportsImage,eye.ImagePath,lip.JawRight,lip.JawLeft,lip.JawForward,lip.JawOpen,lip.MouthApeShape,lip.MouthUpperRight,lip.MouthUpperLeft,lip.MouthLowerRight,lip.MouthLowerLeft,lip.MouthUpperOverturn,lip.MouthLowerOverturn,lip.MouthPout,lip.MouthSmileRight,lip.MouthSmileLeft,lip.MouthSadRight,lip.MouthSadLeft,lip.CheekPuffRight,lip.CheekPuffLeft,lip.CheekSuck,lip.MouthUpperUpRight,lip.MouthUpperUpLeft,lip.MouthLowerDownRight,lip.MouthLowerDownLeft,lip.MouthUpperInside,lip.MouthLowerInside,lip.MouthLowerOverlay,lip.TongueLongStep1,lip.TongueLeft,lip.TongueRight,lip.TongueUp,lip.TongueDown,lip.TongueRoll,lip.TongueLongStep2,lip.TongueUpRightMorph,lip.TongueUpLeftMorph,lip.TongueDownRightMorph,lip.TongueDownLeftMorph,lip.SupportsImage,lip.ImagePath,
638085922129243916,0,0,0,0,0,0,0,0,0,0,0,0,0,0,0,0,0,False,eyeImages\638085922129243916.bmp,0.1167187,2.083271E-08,0,0.1590957,0,0.1370623,6.727367E-13,0.2041606,8.713118E-16,0.1778678,0.08476685,0.07528374,6.822164E-13,7.399402E-13,1.301106E-41,2.096202E-41,1.401298E-45,1.401298E-45,0,0.440829,0.451237,0.0759608,0.04430717,0,1.401298E-45,1.401298E-45,0.07336473,0,7.66908E-13,1.252972E-09,1.401298E-45,1.058459E-32,6.073001E-33,9.609143E-22,0,0,0,True,lipImages\638085922129243916.bmp,
638085922261692381,0,0,0,0,0,0,0,0,0,0,0,0,0,0,0,0,0,False,eyeImages\638085922261692381.bmp,0.0001156991,0.08452868,4.29728E-09,0.7363944,1.713539E-25,2.08174E-11,0.1154267,4.641812E-11,0.1109115,5.989448E-19,6.827443E-19,5.124199E-22,0.2668211,0.2814418,1.401298E-45,2.171381E-34,7.409412E-18,2.424761E-18,8.22328E-39,0.6823949,0.7117696,0.4117871,0.4441081,1.401298E-45,8.641615E-18,1.401298E-45,1,1.401298E-45,0.06513552,0.0007704787,0.02614572,0.5575216,1.393593,5.018553E-05,0,0.001703015,0,True,lipImages\638085922261692381.bmp,
638085922394026142,0,0,0,0,0,0,0,0,0,0,0,0,0,0,0,0,0,False,eyeImages\638085922394026142.bmp,1.401298E-45,0.09221478,1.401298E-45,1.401298E-45,1.401298E-45,0.009608483,8.71532E-11,0.004879848,0.003029426,1.401298E-45,1.401298E-45,1.401298E-45,1.401298E-45,1.401298E-45,1.401298E-45,1.401298E-45,1.401298E-45,1.401298E-45,1.401298E-45,1.401298E-45,1.401298E-45,1.401298E-45,1.401298E-45,1.401298E-45,0.2829459,1.401298E-45,1.401298E-45,1.401298E-45,1.401298E-45,1.401298E-45,1.401298E-45,1.401298E-45,1.401298E-45,0,0,0,0,True,lipImages\638085922394026142.bmp,
638085922526401488,0,0,0,0,0,0,0,0,0,0,0,0,0,0,0,0,0,False,eyeImages\638085922526401488.bmp,0.08603816,1.401298E-45,1.401298E-45,0.1175658,1.401298E-45,0.03027535,1.401298E-45,0.05637025,1.401298E-45,1.401298E-45,1.401298E-45,1.401298E-45,1.401298E-45,1.401298E-45,1.401298E-45,1.401298E-45,1.401298E-45,1.401298E-45,1.401298E-45,1.401298E-45,1.401298E-45,1.401298E-45,1.401298E-45,1.401298E-45,1.401298E-45,1.401298E-45,0.2666015,1.401298E-45,0.1071485,1.401298E-45,1.401298E-45,1.401298E-45,1.401298E-45,0,0,0,0,True,lipImages\638085922526401488.bmp,
638085922658686362,0,0,0,0,0,0,0,0,0,0,0,0,0,0,0,0,0,False,eyeImages\638085922658686362.bmp,0.02456649,1.401298E-45,1.401298E-45,1.401298E-45,1.401298E-45,0.09924899,1.401298E-45,0.1183264,1.401298E-45,2.091066E-22,1.401298E-45,1.401298E-45,1.401298E-45,1.401298E-45,1.401298E-45,1.401298E-45,1.401298E-45,1.401298E-45,1.401298E-45,1.401298E-45,1.401298E-45,1.401298E-45,1.401298E-45,1.401298E-45,0.331126,1.401298E-45,1.401298E-45,1.401298E-45,1.401298E-45,1.401298E-45,1.401298E-45,1.401298E-45,1.401298E-45,0,0,0,0,True,lipImages\638085922658686362.bmp,
638085922791074671,0,0,0,0,0,0,0,0,0,0,0,0,0,0,0,0,0,False,eyeImages\638085922791074671.bmp,0.02557641,8.555726E-16,1.401298E-45,1.401298E-45,1.401298E-45,0.009547971,1.051641E-05,0.01384484,1.252352E-05,0.0002315569,1.401298E-45,1.401298E-45,1.401298E-45,1.401298E-45,1.401298E-45,1.401298E-45,1.401298E-45,1.401298E-45,1.401298E-45,1.401298E-45,1.401298E-45,1.401298E-45,1.401298E-45,1.401298E-45,0.3125541,1.401298E-45,1.401298E-45,1.401298E-45,1.401298E-45,1.401298E-45,1.401298E-45,1.401298E-45,1.401298E-45,0,0,0,0,True,lipImages\638085922791074671.bmp,
638085922923532815,0,0,0,0,0,0,0,0,0,0,0,0,0,0,0,0,0,False,eyeImages\638085922923532815.bmp,0.02898177,1.401298E-45,1.401298E-45,0.182003,1.401298E-45,1.401298E-45,0.1170976,1.401298E-45,0.1203297,1.401298E-45,1.401298E-45,1.401298E-45,1.401298E-45,1.401298E-45,1.401298E-45,1.401298E-45,1.401298E-45,1.401298E-45,1.401298E-45,1.401298E-45,1.401298E-45,1.401298E-45,1.401298E-45,1.401298E-45,0.04996769,1.401298E-45,0.6216471,1.401298E-45,0.1578666,1.401298E-45,1.401298E-45,1.401298E-45,1.401298E-45,0,0,0,0,True,lipImages\638085922923532815.bmp,
638085923055980414,0,0,0,0,0,0,0,0,0,0,0,0,0,0,0,0,0,False,eyeImages\638085923055980414.bmp,3.11317E-12,0.07685009,1.401298E-45,0.0315799,1.401298E-45,0.02993214,8.896092E-29,0.01683045,4.560262E-09,0.04627781,1.401298E-45,1.401298E-45,1.401298E-45,1.401298E-45,1.401298E-45,1.401298E-45,1.401298E-45,1.401298E-45,1.401298E-45,0.04652216,0.05683161,1.401298E-45,1.401298E-45,1.401298E-45,0.3186346,1.401298E-45,7.876192E-16,1.401298E-45,3.65988E-16,1.401298E-45,1.401298E-45,1.401298E-45,1.401298E-45,0,0,0,0,True,lipImages\638085923055980414.bmp,
638085923188437895,0,0,0,0,0,0,0,0,0,0,0,0,0,0,0,0,0,False,eyeImages\638085923188437895.bmp,7.133494E-05,0.3209953,1.401298E-45,0.01630089,1.401298E-45,3.695126E-05,0.2363265,4.520395E-05,0.3239199,6.530032E-05,1.465209E-24,1.401298E-45,1.401298E-45,1.648115E-18,2.942607E-11,1.401298E-45,1.401298E-45,1.401298E-45,1.401298E-45,1.401298E-45,1.411808E-11,1.401298E-45,1.401298E-45,1.439134E-42,0.1057316,1.401298E-45,0.0001585828,1.401298E-45,9.302596E-05,1.401298E-45,1.401298E-45,1.401298E-45,1.401298E-45,0,0,0,0,True,lipImages\638085923188437895.bmp,
638085923320865545,0,0,0,0,0,0,0,0,0,0,0,0,0,0,0,0,0,False,eyeImages\638085923320865545.bmp,0.06169076,2.813431E-05,1.112232E-08,0.1743511,1.401298E-45,1.255378E-05,0.6624447,6.278924E-06,0.6492058,8.791567E-05,3.173177E-05,2.746312E-13,1.401298E-45,0.381996,1.401298E-45,1.401298E-45,4.570578E-29,1.401298E-45,1.401298E-45,0.3071164,0.3521823,8.330915E-07,0.0004390725,1.401298E-45,5.662866E-28,1.401298E-45,0.7144434,1.572954E-28,0.3478928,0.0001170499,0.02466738,2.07105E-16,6.577292E-29,4.072081E-05,1.841142E-32,0.008581602,3.880066E-30,True,lipImages\638085923320865545.bmp,
638085923453263100,0,0,0,0,0,0,0,0,0,0,0,0,0,0,0,0,0,False,eyeImages\638085923453263100.bmp,1.21352E-11,0.06040386,1.101192E-27,3.060757E-05,4.203895E-45,0.09021632,1.216673E-20,0.04568462,1.573274E-20,0.3979756,0.2716057,1.295409E-30,1.623994E-19,1.937931E-20,1.401298E-45,1.401298E-45,1.401298E-45,2.719958E-32,1.401298E-45,0.6194342,0.6213317,0.1066184,0.1533847,1.401298E-45,2.565161E-19,9.932139E-31,3.026352E-09,1.986782E-29,2.696101E-10,7.111695E-10,2.025503E-29,8.107411E-31,9.917929E-10,1.917385E-19,1.412938E-38,5.460961E-39,0,True,lipImages\638085923453263100.bmp,
638085923585586957,0,0,0,0,0,0,0,0,0,0,0,0,0,0,0,0,0,False,eyeImages\638085923585586957.bmp,0.02702652,1.401298E-45,1.401298E-45,0.03915814,1.401298E-45,0.03716712,5.812568E-32,0.04031585,4.203895E-45,1.161556E-38,1.401298E-45,1.401298E-45,1.401298E-45,1.401298E-45,1.401298E-45,1.401298E-45,1.401298E-45,1.401298E-45,1.401298E-45,1.401298E-45,1.401298E-45,1.401298E-45,1.401298E-45,1.401298E-45,0.02686203,1.401298E-45,1.401298E-45,1.401298E-45,1.401298E-45,1.401298E-45,1.401298E-45,1.401298E-45,1.401298E-45,0,0,0,0,True,lipImages\638085923585586957.bmp,
638085923717921175,0,0,0,0,0,0,0,0,0,0,0,0,0,0,0,0,0,False,eyeImages\638085923717921175.bmp,3.329458E-07,0.02400182,1.401298E-45,8.854288E-16,1.401298E-45,0.07657665,4.019216E-27,0.06351661,2.258204E-27,2.210365E-07,3.644024E-14,1.401298E-45,1.401298E-45,1.401298E-45,1.401298E-45,1.401298E-45,1.401298E-45,1.401298E-45,1.401298E-45,1.401298E-45,1.401298E-45,1.401298E-45,1.401298E-45,1.401298E-45,0.1520398,1.401298E-45,1.401298E-45,1.401298E-45,1.401298E-45,1.401298E-45,1.401298E-45,1.401298E-45,1.401298E-45,0,0,0,0,True,lipImages\638085923717921175.bmp,
638085923850440270,0,0,0,0,0,0,0,0,0,0,0,0,0,0,0,0,0,False,eyeImages\638085923850440270.bmp,0.0173367,1.401298E-45,1.401298E-45,0.08679724,1.401298E-45,0.003226618,0.003252256,0.0009422628,0.008213392,1.401298E-45,1.401298E-45,1.401298E-45,1.401298E-45,0.005508675,1.401298E-45,1.401298E-45,1.401298E-45,1.401298E-45,1.401298E-45,0.08745131,0.1029376,1.401298E-45,1.401298E-45,1.401298E-45,0.00117355,1.401298E-45,0.4493064,0.01560796,0.002866336,1.401298E-45,1.401298E-45,1.401298E-45,1.401298E-45,0,0,0,0,True,lipImages\638085923850440270.bmp,
638085923988067268,0,0,0,0,0,0,0,0,0,0,0,0,0,0,0,0,0,False,eyeImages\638085923988067268.bmp,1.401298E-45,0.04595391,1.401298E-45,0.08512877,1.401298E-45,0.1344409,1.401298E-45,0.08624008,1.401298E-45,1.401298E-45,1.401298E-45,1.401298E-45,1.401298E-45,1.401298E-45,1.401298E-45,1.401298E-45,1.401298E-45,1.401298E-45,2.962309E-10,1.401298E-45,1.401298E-45,1.401298E-45,1.401298E-45,1.401298E-45,1.401298E-45,1.401298E-45,0.6575412,1.401298E-45,0.03829116,1.401298E-45,1.401298E-45,1.781897E-23,1.401298E-45,0,0,0,0,True,lipImages\638085923988067268.bmp,
638085924120402891,0,0,0,0,0,0,0,0,0,0,0,0,0,0,0,0,0,False,eyeImages\638085924120402891.bmp,4.141833E-25,0.01277444,1.401298E-45,3.571114E-06,1.401298E-45,0.0927474,1.401298E-45,0.06263176,1.401298E-45,0.001180542,1.401298E-45,1.401298E-45,1.401298E-45,1.401298E-45,1.401298E-45,1.401298E-45,1.401298E-45,1.401298E-45,1.401298E-45,1.401298E-45,1.401298E-45,1.401298E-45,1.401298E-45,1.401298E-45,0.2892591,1.401298E-45,1.401298E-45,1.401298E-45,1.401298E-45,1.401298E-45,1.401298E-45,1.401298E-45,1.401298E-45,0,0,0,0,True,lipImages\638085924120402891.bmp,
638085924252886172,0,0,0,0,0,0,0,0,0,0,0,0,0,0,0,0,0,False,eyeImages\638085924252886172.bmp,1.417317E-11,0.01491403,1.401298E-45,0.04919505,1.401298E-45,1.401298E-45,0.02969442,5.284242E-21,0.03247157,0.03252438,1.401298E-45,1.401298E-45,1.401298E-45,1.401298E-45,1.401298E-45,1.401298E-45,1.401298E-45,1.401298E-45,1.401298E-45,2.721482E-25,8.785132E-23,1.401298E-45,1.401298E-45,1.401298E-45,0.1185815,1.401298E-45,0.07395259,1.401298E-45,0.007680817,1.401298E-45,1.401298E-45,4.126985E-14,1.401298E-45,0,0,0,0,True,lipImages\638085924252886172.bmp,
638085924385155327,0,0,0,0,0,0,0,0,0,0,0,0,0,0,0,0,0,False,eyeImages\638085924385155327.bmp,0.05765762,1.401298E-45,1.401298E-45,0.09817281,1.401298E-45,1.401298E-45,0.1084079,1.401298E-45,0.09464279,1.401298E-45,1.401298E-45,1.401298E-45,6.936654E-20,1.401298E-45,1.401298E-45,1.401298E-45,1.401298E-45,1.401298E-45,1.401298E-45,1.401298E-45,6.741418E-24,1.401298E-45,1.401298E-45,1.401298E-45,0.2464482,1.401298E-45,0.4460208,2.899089E-22,0.1270973,1.401298E-45,1.401298E-45,1.401298E-45,1.401298E-45,0,0,0,0,True,lipImages\638085924385155327.bmp,
638085924517547401,0,0,0,0,0,0,0,0,0,0,0,0,0,0,0,0,0,False,eyeImages\638085924517547401.bmp,0.05990172,1.401298E-45,1.401298E-45,0.05913923,1.401298E-45,1.401298E-45,0.1247009,1.401298E-45,0.114386,1.401298E-45,1.401298E-45,1.401298E-45,1.401298E-45,1.401298E-45,1.401298E-45,1.401298E-45,1.401298E-45,1.401298E-45,1.401298E-45,1.401298E-45,1.401298E-45,1.401298E-45,1.401298E-45,1.401298E-45,0.1040578,1.401298E-45,0.3637887,1.401298E-45,0.05991383,1.401298E-45,1.401298E-45,1.299727E-06,1.401298E-45,0,0,0,0,True,lipImages\638085924517547401.bmp,
638085924649964794,0,0,0,0,0,0,0,0,0,0,0,0,0,0,0,0,0,False,eyeImages\638085924649964794.bmp,9.630185E-22,0.1020539,1.401298E-45,0.2408853,1.401298E-45,0.01666192,0.005497947,1.946405E-05,0.05368831,0.06914236,0.04408828,1.401298E-45,6.585501E-22,1.401298E-45,1.401298E-45,1.401298E-45,1.401298E-45,1.401298E-45,1.401298E-45,0.1696428,0.1685015,0.00963847,0.02680538,1.401298E-45,1.401298E-45,1.401298E-45,0.2490189,1.42732E-05,0.0002581359,1.341043E-42,1.592757E-05,3.176734E-13,2.469349E-05,0,0,4.111476E-09,2.273373E-10,True,lipImages\638085924649964794.bmp,
638085924782149472,0,0,0,0,0,0,0,0,0,0,0,0,0,0,0,0,0,False,eyeImages\638085924782149472.bmp,0.04267958,2.116882E-05,0.001350697,0.4338465,1.401298E-45,0.00194063,0.002511962,0.02223119,8.076719E-05,9.128924E-10,7.384211E-09,4.006087E-13,1.401298E-45,1.401298E-45,1.401298E-45,1.401298E-45,1.401298E-45,1.401298E-45,1.401298E-45,3.329178E-06,4.711233E-06,0.3295019,0.3398313,1.401298E-45,1.768943E-18,1.401298E-45,0.03757486,1.401298E-45,1.255953E-13,1.508858E-08,1.401298E-45,3.686318E-17,1.401298E-45,1.895055E-21,0,0,0,True,lipImages\638085924782149472.bmp,
638085924914887931,0,0,0,0,0,0,0,0,0,0,0,0,0,0,0,0,0,False,eyeImages\638085924914887931.bmp,0.0002665265,0.08730385,1.401298E-45,0.1820081,1.401298E-45,0.02537823,2.43369E-07,0.02797935,3.879528E-07,3.618906E-13,6.242358E-14,1.401298E-45,5.745152E-17,1.401298E-45,1.401298E-45,1.401298E-45,1.401298E-45,1.401298E-45,1.401298E-45,0.000439214,0.0006344087,3.205146E-05,2.987571E-05,1.401298E-45,2.305906E-17,5.994607E-11,0.2870941,1.401298E-45,0.004729995,0.0003991616,2.173959E-15,1.401298E-45,1.914008E-08,1.888032E-06,0,1.028281E-17,0,True,lipImages\638085924914887931.bmp,
638085925048222713,0,0,0,0,0,0,0,0,0,0,0,0,0,0,0,0,0,False,eyeImages\638085925048222713.bmp,1.139242E-37,0.1317932,1.401298E-45,0.01071553,1.401298E-45,3.217712E-34,0.1191462,6.816336E-41,0.1386859,1.401298E-45,1.401298E-45,1.401298E-45,0.0001040074,9.99301E-20,1.401298E-45,1.401298E-45,1.401298E-45,1.401298E-45,1.401298E-45,1.447003E-12,1.803591E-10,1.401298E-45,1.401298E-45,1.401298E-45,1.401298E-45,1.401298E-45,1.401298E-45,1.401298E-45,1.401298E-45,1.401298E-45,1.401298E-45,1.401298E-45,1.401298E-45,0,0,0,0,True,lipImages\638085925048222713.bmp,
638085925181554700,0,0,0,0,0,0,0,0,0,0,0,0,0,0,0,0,0,False,eyeImages\638085925181554700.bmp,9.665782E-13,0.0448926,1.401298E-45,2.596647E-06,1.401298E-45,0.04746585,5.971426E-07,0.01764536,1.014903E-05,1.401298E-45,1.401298E-45,1.401298E-45,3.303153E-24,5.792501E-25,1.401298E-45,1.401298E-45,1.401298E-45,1.401298E-45,1.401298E-45,6.531982E-23,9.582397E-23,1.401298E-45,1.401298E-45,1.401298E-45,0.234596,1.401298E-45,8.979829E-18,5.633508E-23,7.234331E-20,1.401298E-45,1.401298E-45,1.401298E-45,1.401298E-45,0,0,0,0,True,lipImages\638085925181554700.bmp,
638085925313891188,0,0,0,0,0,0,0,0,0,0,0,0,0,0,0,0,0,False,eyeImages\638085925313891188.bmp,5.598015E-29,0.0317582,1.401298E-45,0.3534169,1.401298E-45,2.382207E-44,0.06501663,1.401298E-45,0.07028104,1.401298E-45,1.401298E-45,1.401298E-45,0.0006221669,0.00132764,1.401298E-45,1.401298E-45,1.401298E-45,1.401298E-45,1.401298E-45,0.4868504,0.493884,1.799617E-21,1.790904E-21,1.401298E-45,1.993921E-10,1.401298E-45,1,1.401298E-45,7.565245E-27,0.3166911,1.401298E-45,1.401298E-45,0.4366911,2.395846E-27,0,0,0,True,lipImages\638085925313891188.bmp,
638085925446266582,0,0,0,0,0,0,0,0,0,0,0,0,0,0,0,0,0,False,eyeImages\638085925446266582.bmp,0.1308827,1.401298E-45,1.401298E-45,0.1575751,1.401298E-45,0.07138202,1.114793E-39,0.08628806,1.096726E-40,9.625552E-11,1.401298E-45,1.401298E-45,1.401298E-45,1.401298E-45,1.401298E-45,1.401298E-45,1.401298E-45,1.401298E-45,1.401298E-45,0.0003436985,0.005163301,1.156066E-08,6.664182E-09,1.401298E-45,6.563912E-17,2.279219E-09,0.2554507,1.401298E-45,6.981795E-17,5.343686E-08,1.401298E-45,0.01695735,1.401298E-45,3.730852E-24,0,0,0,True,lipImages\638085925446266582.bmp,
638085925578502880,0,0,0,0,0,0,0,0,0,0,0,0,0,0,0,0,0,False,eyeImages\638085925578502880.bmp,0.1068911,1.401298E-45,1.401298E-45,0.1272372,1.401298E-45,2.371194E-23,0.09441982,3.705263E-20,0.07354068,4.825447E-19,2.187377E-19,1.401298E-45,2.91465E-36,1.401298E-45,1.401298E-45,1.401298E-45,1.401298E-45,1.401298E-45,1.401298E-45,1.401298E-45,1.401298E-45,1.401298E-45,1.401298E-45,1.401298E-45,1.401298E-45,1.401298E-45,0.5057914,1.401298E-45,0.087855,1.401298E-45,1.401298E-45,0.08152723,1.401298E-45,0,0,0,0,True,lipImages\638085925578502880.bmp,
638085925710662456,0,0,0,0,0,0,0,0,0,0,0,0,0,0,0,0,0,False,eyeImages\638085925710662456.bmp,0.03736614,0.0001366148,1.401298E-45,0.02389064,1.401298E-45,0.004378648,0.04984871,0.002763398,0.05636572,3.226771E-15,1.201633E-15,1.401298E-45,1.401298E-45,1.401298E-45,1.401298E-45,1.401298E-45,1.401298E-45,1.401298E-45,1.401298E-45,3.728298E-08,1.066384E-07,1.401298E-45,1.401298E-45,1.401298E-45,1.401298E-45,1.401298E-45,0.00176281,1.401298E-45,5.343768E-05,1.401298E-45,1.401298E-45,1.401298E-45,1.401298E-45,0,0,0,0,True,lipImages\638085925710662456.bmp,
638085925842992774,0,0,0,0,0,0,0,0,0,0,0,0,0,0,0,0,0,False,eyeImages\638085925842992774.bmp,4.501184E-15,0.1120783,1.401298E-45,0.006907802,1.401298E-45,0.1296201,3.232153E-22,0.05229335,4.346981E-14,0.009097505,0.0006311184,2.62296E-16,1.401298E-45,1.401298E-45,1.401298E-45,1.401298E-45,0.004982017,0.05362841,1.401298E-45,5.948485E-09,5.453142E-09,1.401298E-45,1.401298E-45,1.401298E-45,0.2896731,2.063805E-07,0.01977301,0.001652972,0.0009306672,1.667486E-06,0.001736887,0.0003602538,6.099743E-05,1.551875E-09,2.756308E-09,1.616464E-06,2.871026E-06,True,lipImages\638085925842992774.bmp,
638085925975231336,0,0,0,0,0,0,0,0,0,0,0,0,0,0,0,0,0,False,eyeImages\638085925975231336.bmp,5.654214E-06,0.09435239,3.247229E-41,0.08066273,1.401298E-45,0.07506561,1.126316E-17,0.01221698,1.546747E-18,0.5190865,0.4248362,1.138879E-39,2.216609E-06,9.14544E-07,1.401298E-45,1.401298E-45,1.401298E-45,1.401298E-45,1.401298E-45,0.6342593,0.6301496,0.06397443,0.1186011,1.401298E-45,1.401298E-45,1.401298E-45,0.08674638,1.401298E-45,4.299638E-06,8.01312E-06,1.401298E-45,1.35926E-43,1.11317E-05,3.445352E-11,0,0,0,True,lipImages\638085925975231336.bmp,
638085926107562612,0,0,0,0,0,0,0,0,0,0,0,0,0,0,0,0,0,False,eyeImages\638085926107562612.bmp,1.598684E-29,0.1972835,0.8817657,2.3445E-24,1.401298E-45,0.03837598,6.915482E-10,0.01024972,0.003104363,0.01454353,0.009681144,7.640247E-28,1.401298E-45,1.401298E-45,0.6646488,0.6303784,1.861675E-31,1.876229E-31,1.401298E-45,1.716591E-42,1.76984E-42,1.401298E-45,1.401298E-45,1.371675E-05,2.48509E-10,0.8776797,8.516176E-25,1.401298E-45,1.352138E-27,1.401298E-45,1.401298E-45,1.401298E-45,1.401298E-45,0,0,0,0,True,lipImages\638085926107562612.bmp,
638085926239870630,0,0,0,0,0,0,0,0,0,0,0,0,0,0,0,0,0,False,eyeImages\638085926239870630.bmp,0.1456172,2.04261E-20,1.150281E-26,0.05603673,1.401298E-45,0.008969121,0.1771136,0.007157438,0.1242487,3.457836E-28,4.933271E-41,1.401298E-45,0.009363935,0.1016898,1.401298E-45,1.401298E-45,1.401298E-45,1.401298E-45,1.401298E-45,2.875615E-05,5.793196E-05,1.401298E-45,1.401298E-45,1.970547E-30,3.817757E-22,1.289803E-30,0.2956753,1.401298E-45,0.02409131,0.002979865,1.401298E-45,1.401298E-45,1.401298E-45,7.178885E-05,0,0,0,True,lipImages\638085926239870630.bmp,
638085926372221073,0,0,0,0,0,0,0,0,0,0,0,0,0,0,0,0,0,False,eyeImages\638085926372221073.bmp,0.1278816,0.004174871,1.370767E-18,0.3475115,1.401298E-45,1.127133E-13,0.4272162,7.687788E-14,0.3373555,1.693573E-25,1.401298E-45,1.401298E-45,1.401298E-45,1.401298E-45,1.110963E-40,1.401298E-45,7.973328E-05,1.401298E-45,1.401298E-45,2.587007E-16,3.437678E-16,0.1367026,0.2056468,1.401298E-45,4.690489E-05,1.401298E-45,2.817226E-18,1.401298E-45,0.007467827,4.117744E-22,8.820556E-20,9.300221E-33,1.765728E-27,3.07506E-24,0,6.587039E-22,0,True,lipImages\638085926372221073.bmp,
638085926504399801,0,0,0,0,0,0,0,0,0,0,0,0,0,0,0,0,0,False,eyeImages\638085926504399801.bmp,6.828631E-11,0.03054961,5.668247E-30,0.5734194,1.401298E-45,3.159158E-10,0.06018329,1.37889E-10,0.09839837,1.027891E-18,4.075558E-21,1.414427E-29,1.401298E-45,1.401298E-45,1.401298E-45,1.401298E-45,1.401298E-45,1.401298E-45,1.401298E-45,0.5219741,0.5312375,0.1948925,0.2283452,1.401298E-45,1.401298E-45,2.06131E-42,1,2.197366E-12,0.0307348,2.720271E-08,0.4382218,0.0009024568,0.6443685,8.360699E-10,5.977432E-20,0.01346866,9.629338E-13,True,lipImages\638085926504399801.bmp,
638085926636676169,0,0,0,0,0,0,0,0,0,0,0,0,0,0,0,0,0,False,eyeImages\638085926636676169.bmp,0.1122674,2.917299E-27,0.04688257,0.07726631,1.401298E-45,0.1197852,4.512038E-27,0.1083816,7.707545E-27,1.401298E-45,1.401298E-45,1.401298E-45,0.7493509,0.6836152,1.401298E-45,1.401298E-45,1.401298E-45,1.401298E-45,1.401298E-45,0.6892891,0.7013317,0.5907409,0.5417047,1.401298E-45,1.401298E-45,1.401298E-45,1.291656E-26,4.034468E-27,1.173809E-30,2.47871E-05,8.692075E-29,1.066328E-25,2.026535E-27,2.909532E-35,1.000028E-31,0,0,True,lipImages\638085926636676169.bmp,
638085926769072822,0,0,0,0,0,0,0,0,0,0,0,0,0,0,0,0,0,False,eyeImages\638085926769072822.bmp,0.02785315,1.401298E-45,1.401298E-45,3.51672E-18,1.401298E-45,0.1338795,1.401298E-45,0.1081857,1.401298E-45,1.401298E-45,1.401298E-45,1.401298E-45,1.401298E-45,1.401298E-45,1.401298E-45,1.401298E-45,1.401298E-45,1.401298E-45,1.401298E-45,0.01647561,0.02629623,1.401298E-45,1.401298E-45,1.401298E-45,0.07883264,1.401298E-45,1.401298E-45,1.401298E-45,1.401298E-45,1.401298E-45,1.401298E-45,1.401298E-45,1.401298E-45,0,0,0,0,True,lipImages\638085926769072822.bmp,
638085926901513700,0,0,0,0,0,0,0,0,0,0,0,0,0,0,0,0,0,False,eyeImages\638085926901513700.bmp,0.05762726,7.559257E-05,0.05548722,0.06584026,1.401298E-45,0.181638,1.613068E-05,0.1639017,7.92151E-06,0.1928885,0.1276482,0.7237386,3.215187E-31,1.030237E-28,1.401298E-45,1.401298E-45,8.202368E-18,1.401298E-45,1.401298E-45,0.1261211,0.143422,1.06826E-33,1.401298E-45,1.401298E-45,3.09322E-12,1.401298E-45,2.115267E-06,9.301725E-17,5.65791E-31,1.996729E-17,1.401298E-45,1.767898E-16,1.401298E-45,0,1.857302E-33,0,0,True,lipImages\638085926901513700.bmp,
638085927033860575,0,0,0,0,0,0,0,0,0,0,0,0,0,0,0,0,0,False,eyeImages\638085927033860575.bmp,0.01506274,3.659801E-08,0.0008813223,0.350038,1.401298E-45,0.3578963,4.203895E-45,0.2529207,5.484542E-41,0.2546271,0.2363123,0.3007976,1.401298E-45,1.401298E-45,1.401298E-45,1.401298E-45,1.401298E-45,1.401298E-45,1.518742E-07,0.05030852,0.0505005,1.035706E-08,7.223055E-10,1.401298E-45,1.401298E-45,1.401298E-45,1,2.872886E-34,1.182251E-38,1.077131E-38,2.936539E-28,0.7184629,1.080348,0,0,0,0,True,lipImages\638085927033860575.bmp,
638085927166207298,0,0,0,0,0,0,0,0,0,0,0,0,0,0,0,0,0,False,eyeImages\638085927166207298.bmp,2.13736E-20,0.1060015,3.056543E-35,0.2802077,1.401298E-45,1.281256E-34,0.06983996,1.401298E-45,0.1035856,0.07655346,0.0971023,0.4345564,1.401298E-45,1.401298E-45,7.761418E-35,6.711088E-35,6.569262E-13,1.401298E-45,1.401298E-45,1.407256E-08,5.688034E-05,0.1940421,0.193162,1.401298E-45,1.401298E-45,0.1674477,1,1.751623E-43,1.950112E-27,3.267326E-13,9.298873E-15,0.4590802,1.209946,6.371648E-40,0,1.81342E-41,0,True,lipImages\638085927166207298.bmp,
638085927298599649,0,0,0,0,0,0,0,0,0,0,0,0,0,0,0,0,0,False,eyeImages\638085927298599649.bmp,0.03500776,1.330358E-20,1.41881E-22,0.01309021,1.401298E-45,4.680639E-29,0.2237919,1.024412E-28,0.2007654,8.82818E-44,8.267661E-44,1.401298E-45,0.000709857,0.1042129,2.396449E-14,6.826464E-13,1.401298E-45,1.401298E-45,1.401298E-45,0.2016731,0.2102877,0.08144656,0.1071594,1.401298E-45,0.02243014,1.401298E-45,2.160618E-11,1.401298E-45,1.566522E-38,1.401298E-45,4.960358E-40,1.401298E-45,2.326403E-39,0,0,0,0,True,lipImages\638085927298599649.bmp,
638085927431066550,0,0,0,0,0,0,0,0,0,0,0,0,0,0,0,0,0,False,eyeImages\638085927431066550.bmp,0.1582688,2.375002E-06,0.0005655853,0.1914672,1.401298E-45,0.06968057,5.309839E-10,0.08757158,1.304638E-10,0.01177259,0.002458732,0.03996664,1.401298E-45,1.401298E-45,1.598026E-06,1.492199E-06,1.012327E-39,1.401298E-45,1.401298E-45,0.08613958,0.09468625,0.0271874,0.01883437,1.401298E-45,2.024103E-10,5.416195E-08,0.02867544,1.401298E-45,0.01673513,1.401298E-45,1.401298E-45,1.401298E-45,1.401298E-45,0,0,0,0,True,lipImages\638085927431066550.bmp,
638085927563472485,0,0,0,0,0,0,0,0,0,0,0,0,0,0,0,0,0,False,eyeImages\638085927563472485.bmp,5.895556E-23,0.2723058,0.491314,4.17683E-23,1.401298E-45,6.319122E-15,0.01994758,2.610429E-16,0.05144532,0.2280402,0.09962013,5.562129E-21,1.401298E-45,1.401298E-45,0.1773731,0.2126407,1.401298E-45,1.401298E-45,1.401298E-45,0.1853733,0.1947397,1.401298E-45,1.401298E-45,1.401298E-45,6.457292E-14,0.3279516,1.648483E-22,1.401298E-45,6.537622E-24,3.789572E-30,1.401298E-45,1.401298E-45,1.401298E-45,0,0,0,0,True,lipImages\638085927563472485.bmp,
638085927695923993,0,0,0,0,0,0,0,0,0,0,0,0,0,0,0,0,0,False,eyeImages\638085927695923993.bmp,1.324285E-24,0.1077127,0.4617025,3.247106E-22,1.401298E-45,0.1561636,4.980314E-08,0.09657012,1.176909E-07,5.728589E-09,1.401298E-45,1.401298E-45,3.859335E-34,6.420158E-34,0.05287257,0.001876298,1.401298E-45,1.401298E-45,1.401298E-45,4.737804E-09,5.768655E-09,1.401298E-45,1.401298E-45,1.401298E-45,7.59559E-35,0.6699997,7.991192E-22,6.326455E-27,3.674034E-30,1.823433E-38,1.401298E-45,1.401298E-45,1.401298E-45,0,0,0,0,True,lipImages\638085927695923993.bmp,
638085927828444906,0,0,0,0,0,0,0,0,0,0,0,0,0,0,0,0,0,False,eyeImages\638085927828444906.bmp,0.01969073,0.008147524,1.401298E-45,0.4356959,1.401298E-45,0.06057549,6.240721E-15,0.019235,0.03390881,1.401298E-45,1.401298E-45,2.911333E-17,1.401298E-45,1.401298E-45,1.401298E-45,1.401298E-45,1.401298E-45,1.401298E-45,1.401298E-45,0.02531341,0.02401467,0.0001221431,1.401298E-45,1.278268E-12,0.004661297,1.465382E-17,1,0.930157,0.01069744,1.062305E-14,0.1044909,5.754771E-39,0.8131731,1.136394E-16,9.881106E-15,0.001117784,0.0971929,True,lipImages\638085927828444906.bmp,
638085927960871732,0,0,0,0,0,0,0,0,0,0,0,0,0,0,0,0,0,False,eyeImages\638085927960871732.bmp,0.04618838,1.401298E-45,1.401298E-45,2.356156E-34,1.401298E-45,1.441716E-37,0.1615945,3.501849E-31,0.1188094,1.401298E-45,1.401298E-45,1.401298E-45,0.4065545,0.4285234,1.401298E-45,1.401298E-45,1.401298E-45,1.401298E-45,1.401298E-45,0.08978796,0.1117735,1.401298E-45,1.401298E-45,1.401298E-45,7.929247E-41,1.401298E-45,1.401298E-45,1.401298E-45,1.401298E-45,1.401298E-45,1.401298E-45,1.401298E-45,1.401298E-45,0,0,0,0,True,lipImages\638085927960871732.bmp,
638085928093324511,0,0,0,0,0,0,0,0,0,0,0,0,0,0,0,0,0,False,eyeImages\638085928093324511.bmp,0.07264546,5.096065E-23,2.917574E-17,0.04115253,1.401298E-45,0.006334029,0.0008896714,0.01536701,1.674794E-23,8.778483E-28,7.938638E-29,6.576742E-37,5.389067E-05,5.755874E-07,9.176803E-26,3.762699E-25,1.401298E-45,1.401298E-45,1.401298E-45,0.08992547,0.1010029,1.759983E-12,6.457086E-13,1.401298E-45,0.01810895,3.854182E-38,8.308999E-12,2.023128E-23,2.204766E-13,2.916219E-12,9.039375E-37,4.786599E-28,1.401298E-45,6.429582E-25,5.899887E-35,0,0,True,lipImages\638085928093324511.bmp,
638085928225745302,0,0,0,0,0,0,0,0,0,0,0,0,0,0,0,0,0,False,eyeImages\638085928225745302.bmp,0.06516872,1.401298E-45,1.401298E-45,0.01428121,1.401298E-45,0.05180163,1.401298E-45,0.05825178,1.401298E-45,1.401298E-45,1.401298E-45,1.401298E-45,1.401298E-45,1.401298E-45,1.401298E-45,1.401298E-45,1.401298E-45,1.401298E-45,1.401298E-45,4.753474E-16,5.194935E-15,1.401298E-45,1.401298E-45,1.401298E-45,1.401298E-45,1.401298E-45,2.009644E-32,1.401298E-45,2.345932E-33,1.401298E-45,1.401298E-45,1.401298E-45,1.401298E-45,0,0,0,0,True,lipImages\638085928225745302.bmp,
638085928357860929,0,0,0,0,0,0,0,0,0,0,0,0,0,0,0,0,0,False,eyeImages\638085928357860929.bmp,0.3130344,4.643862E-10,1.806702E-10,1.34699E-08,1.401298E-45,0.7128174,2.022327E-10,0.626097,2.27021E-10,0.2173945,0.1795444,1.401298E-45,3.028128E-05,1.023754E-38,0.1799629,2.864031E-11,1.044164E-15,1.401298E-45,1.401298E-45,0.5632138,0.5717705,0.1301563,0.02063114,1.401298E-45,1.726677E-24,2.353378E-10,3.175611E-09,4.344025E-44,1.673614E-12,3.690979E-10,1.401298E-45,3.40181E-10,2.062289E-35,6.177274E-22,0,0,0,True,lipImages\638085928357860929.bmp,
638085928489898521,0,0,0,0,0,0,0,0,0,0,0,0,0,0,0,0,0,False,eyeImages\638085928489898521.bmp,0.03601751,6.640541E-08,9.487954E-40,0.6425787,1.401298E-45,1.480064E-07,0.1906249,3.952965E-07,0.1511046,2.082474E-06,1.832354E-06,8.921177E-07,1.401298E-45,1.401298E-45,1.239168E-41,7.372231E-42,1.401298E-45,1.401298E-45,2.33862E-28,0.5770793,0.5884691,0.1711098,0.1751315,1.401298E-45,1.401298E-45,1.935687E-34,1,1.401298E-45,1.401298E-45,1.401298E-45,0.3278851,1.047503E-06,0.5278784,0,0,0,0,True,lipImages\638085928489898521.bmp,
638085928621909490,0,0,0,0,0,0,0,0,0,0,0,0,0,0,0,0,0,False,eyeImages\638085928621909490.bmp,0.07494904,0.003227119,0.005930183,0.06848462,1.401298E-45,0.08360727,1.645471E-25,0.07312598,2.621021E-25,1.018746E-05,1.488586E-07,5.021452E-27,2.558209E-13,1.750409E-28,0.007463689,0.003314343,1.401298E-45,1.401298E-45,1.401298E-45,0.002850829,0.002973269,6.914093E-13,2.203335E-13,1.401298E-45,1.401298E-45,0.09296508,0.4505121,1.401298E-45,0.0008730426,0.02221943,1.401298E-45,1.401298E-45,1.401298E-45,1.939851E-05,0,0,0,True,lipImages\638085928621909490.bmp,
638085928753991165,0,0,0,0,0,0,0,0,0,0,0,0,0,0,0,0,0,False,eyeImages\638085928753991165.bmp,0.0004597359,0.01246593,1.401298E-45,0.06477301,1.401298E-45,5.548258E-35,0.1108655,9.006274E-34,0.1039806,1.821688E-44,1.401298E-45,1.401298E-45,1.401298E-45,0.001434956,1.401298E-45,1.401298E-45,1.401298E-45,1.401298E-45,1.401298E-45,0.1639526,0.1781944,0.000137994,0.0001649935,1.401298E-45,0.003203477,4.526194E-43,0.4177203,1.592588E-07,0.0366802,0.01242179,2.585636E-06,1.401298E-45,3.332733E-06,0.0004556336,1.978279E-09,9.484166E-08,4.117854E-13,True,lipImages\638085928753991165.bmp,
638085928886718427,0,0,0,0,0,0,0,0,0,0,0,0,0,0,0,0,0,False,eyeImages\638085928886718427.bmp,5.511128E-17,0.06297171,1.401298E-45,0.02071651,1.401298E-45,1.500762E-25,0.02938972,1.013681E-25,0.0282475,6.499954E-12,2.108366E-12,1.401298E-45,5.256413E-17,3.144922E-05,1.401298E-45,1.401298E-45,1.401298E-45,1.401298E-45,1.401298E-45,4.410844E-15,5.796148E-14,1.401298E-45,1.401298E-45,1.401298E-45,6.213666E-10,1.401298E-45,7.144643E-26,1.401298E-45,1.401298E-45,1.401298E-45,1.401298E-45,1.401298E-45,1.401298E-45,0,0,0,0,True,lipImages\638085928886718427.bmp,
638085929018992143,0,0,0,0,0,0,0,0,0,0,0,0,0,0,0,0,0,False,eyeImages\638085929018992143.bmp,0.05076279,8.04871E-17,1.561988E-28,0.1153178,1.401298E-45,0.005404945,0.0009486668,0.01990076,1.364671E-19,1.401298E-45,6.531577E-32,2.552581E-37,1.401298E-45,1.401298E-45,1.401298E-45,1.401298E-45,1.401298E-45,1.401298E-45,1.401298E-45,1.854727E-20,4.039173E-20,4.19771E-24,2.463143E-24,1.401298E-45,3.574541E-38,1.401298E-45,2.659631E-38,1.401298E-45,1.860485E-09,1.401298E-45,1.401298E-45,1.378669E-09,1.401298E-45,0,0,0,0,True,lipImages\638085929018992143.bmp,
638085929151485171,0,0,0,0,0,0,0,0,0,0,0,0,0,0,0,0,0,False,eyeImages\638085929151485171.bmp,0.01662374,5.283818E-05,1.401298E-45,0.0003599902,1.401298E-45,0.01781738,6.36945E-38,0.02009116,9.542843E-43,0.03071866,1.186138E-06,1.401298E-45,1.401298E-45,1.401298E-45,1.401298E-45,1.401298E-45,1.401298E-45,1.401298E-45,1.401298E-45,1.401298E-45,1.401298E-45,1.401298E-45,1.401298E-45,1.401298E-45,0.2962258,1.401298E-45,1.401298E-45,1.401298E-45,1.401298E-45,1.401298E-45,1.401298E-45,1.401298E-45,1.401298E-45,0,0,0,0,True,lipImages\638085929151485171.bmp,
638085929283969836,0,0,0,0,0,0,0,0,0,0,0,0,0,0,0,0,0,False,eyeImages\638085929283969836.bmp,1.401298E-45,0.008883526,1.401298E-45,0.003377409,1.401298E-45,0.06217056,5.099176E-19,0.05178493,1.029463E-18,1.401298E-45,1.401298E-45,1.401298E-45,1.401298E-45,1.401298E-45,1.401298E-45,1.401298E-45,1.401298E-45,1.401298E-45,1.401298E-45,1.401298E-45,1.401298E-45,1.401298E-45,1.401298E-45,1.401298E-45,0.3423437,1.401298E-45,1.401298E-45,1.401298E-45,1.401298E-45,1.401298E-45,1.401298E-45,1.401298E-45,1.401298E-45,0,0,0,0,True,lipImages\638085929283969836.bmp,
638085929416416625,0,0,0,0,0,0,0,0,0,0,0,0,0,0,0,0,0,False,eyeImages\638085929416416625.bmp,0.07610568,1.401298E-45,1.401298E-45,2.680467E-28,1.401298E-45,0.05469547,1.401298E-45,0.05730214,1.401298E-45,4.915912E-37,1.401298E-45,1.401298E-45,1.401298E-45,1.401298E-45,1.401298E-45,1.401298E-45,1.401298E-45,1.401298E-45,1.401298E-45,1.401298E-45,1.401298E-45,1.401298E-45,1.401298E-45,1.401298E-45,0.3745429,1.401298E-45,1.401298E-45,1.401298E-45,1.401298E-45,1.401298E-45,1.401298E-45,1.401298E-45,1.401298E-45,0,0,0,0,True,lipImages\638085929416416625.bmp,
638085929548769167,0,0,0,0,0,0,0,0,0,0,0,0,0,0,0,0,0,False,eyeImages\638085929548769167.bmp,0.02750923,8.477409E-09,1.401298E-45,1.554208E-05,1.401298E-45,0.1025639,1.401298E-45,0.08417377,1.401298E-45,0.02614127,5.916661E-06,1.401298E-45,1.401298E-45,1.401298E-45,1.401298E-45,1.401298E-45,1.401298E-45,1.401298E-45,1.401298E-45,1.401298E-45,1.401298E-45,1.401298E-45,1.401298E-45,1.401298E-45,0.3571319,1.401298E-45,1.401298E-45,1.401298E-45,1.401298E-45,1.401298E-45,1.401298E-45,1.401298E-45,1.401298E-45,0,0,0,0,True,lipImages\638085929548769167.bmp,
638085929681149581,0,0,0,0,0,0,0,0,0,0,0,0,0,0,0,0,0,False,eyeImages\638085929681149581.bmp,0.02750923,8.477409E-09,1.401298E-45,1.554208E-05,1.401298E-45,0.1025639,1.401298E-45,0.08417377,1.401298E-45,0.02614127,5.916661E-06,1.401298E-45,1.401298E-45,1.401298E-45,1.401298E-45,1.401298E-45,1.401298E-45,1.401298E-45,1.401298E-45,1.401298E-45,1.401298E-45,1.401298E-45,1.401298E-45,1.401298E-45,0.3571319,1.401298E-45,1.401298E-45,1.401298E-45,1.401298E-45,1.401298E-45,1.401298E-45,1.401298E-45,1.401298E-45,0,0,0,0,True,lipImages\638085929681149581.bmp,
638085929813530268,0,0,0,0,0,0,0,0,0,0,0,0,0,0,0,0,0,False,eyeImages\638085929813530268.bmp,0.02750923,8.477409E-09,1.401298E-45,1.554208E-05,1.401298E-45,0.1025639,1.401298E-45,0.08417377,1.401298E-45,0.02614127,5.916661E-06,1.401298E-45,1.401298E-45,1.401298E-45,1.401298E-45,1.401298E-45,1.401298E-45,1.401298E-45,1.401298E-45,1.401298E-45,1.401298E-45,1.401298E-45,1.401298E-45,1.401298E-45,0.3571319,1.401298E-45,1.401298E-45,1.401298E-45,1.401298E-45,1.401298E-45,1.401298E-45,1.401298E-45,1.401298E-45,0,0,0,0,True,lipImages\638085929813530268.bmp,
638085929945962302,0,0,0,0,0,0,0,0,0,0,0,0,0,0,0,0,0,False,eyeImages\638085929945962302.bmp,0.02750923,8.477409E-09,1.401298E-45,1.554208E-05,1.401298E-45,0.1025639,1.401298E-45,0.08417377,1.401298E-45,0.02614127,5.916661E-06,1.401298E-45,1.401298E-45,1.401298E-45,1.401298E-45,1.401298E-45,1.401298E-45,1.401298E-45,1.401298E-45,1.401298E-45,1.401298E-45,1.401298E-45,1.401298E-45,1.401298E-45,0.3571319,1.401298E-45,1.401298E-45,1.401298E-45,1.401298E-45,1.401298E-45,1.401298E-45,1.401298E-45,1.401298E-45,0,0,0,0,True,lipImages\638085929945962302.bmp,
638085930078353736,0,0,0,0,0,0,0,0,0,0,0,0,0,0,0,0,0,False,eyeImages\638085930078353736.bmp,0.02750923,8.477409E-09,1.401298E-45,1.554208E-05,1.401298E-45,0.1025639,1.401298E-45,0.08417377,1.401298E-45,0.02614127,5.916661E-06,1.401298E-45,1.401298E-45,1.401298E-45,1.401298E-45,1.401298E-45,1.401298E-45,1.401298E-45,1.401298E-45,1.401298E-45,1.401298E-45,1.401298E-45,1.401298E-45,1.401298E-45,0.3571319,1.401298E-45,1.401298E-45,1.401298E-45,1.401298E-45,1.401298E-45,1.401298E-45,1.401298E-45,1.401298E-45,0,0,0,0,True,lipImages\638085930078353736.bmp,
638085930210655432,0,0,0,0,0,0,0,0,0,0,0,0,0,0,0,0,0,False,eyeImages\638085930210655432.bmp,0.02750923,8.477409E-09,1.401298E-45,1.554208E-05,1.401298E-45,0.1025639,1.401298E-45,0.08417377,1.401298E-45,0.02614127,5.916661E-06,1.401298E-45,1.401298E-45,1.401298E-45,1.401298E-45,1.401298E-45,1.401298E-45,1.401298E-45,1.401298E-45,1.401298E-45,1.401298E-45,1.401298E-45,1.401298E-45,1.401298E-45,0.3571319,1.401298E-45,1.401298E-45,1.401298E-45,1.401298E-45,1.401298E-45,1.401298E-45,1.401298E-45,1.401298E-45,0,0,0,0,True,lipImages\638085930210655432.bmp,
638085930343065879,0,0,0,0,0,0,0,0,0,0,0,0,0,0,0,0,0,False,eyeImages\638085930343065879.bmp,0.02750923,8.477409E-09,1.401298E-45,1.554208E-05,1.401298E-45,0.1025639,1.401298E-45,0.08417377,1.401298E-45,0.02614127,5.916661E-06,1.401298E-45,1.401298E-45,1.401298E-45,1.401298E-45,1.401298E-45,1.401298E-45,1.401298E-45,1.401298E-45,1.401298E-45,1.401298E-45,1.401298E-45,1.401298E-45,1.401298E-45,0.3571319,1.401298E-45,1.401298E-45,1.401298E-45,1.401298E-45,1.401298E-45,1.401298E-45,1.401298E-45,1.401298E-45,0,0,0,0,True,lipImages\638085930343065879.bmp,
638085930475466451,0,0,0,0,0,0,0,0,0,0,0,0,0,0,0,0,0,False,eyeImages\638085930475466451.bmp,0.02750923,8.477409E-09,1.401298E-45,1.554208E-05,1.401298E-45,0.1025639,1.401298E-45,0.08417377,1.401298E-45,0.02614127,5.916661E-06,1.401298E-45,1.401298E-45,1.401298E-45,1.401298E-45,1.401298E-45,1.401298E-45,1.401298E-45,1.401298E-45,1.401298E-45,1.401298E-45,1.401298E-45,1.401298E-45,1.401298E-45,0.3571319,1.401298E-45,1.401298E-45,1.401298E-45,1.401298E-45,1.401298E-45,1.401298E-45,1.401298E-45,1.401298E-45,0,0,0,0,True,lipImages\638085930475466451.bmp,
638085930607852434,0,0,0,0,0,0,0,0,0,0,0,0,0,0,0,0,0,False,eyeImages\638085930607852434.bmp,0.02750923,8.477409E-09,1.401298E-45,1.554208E-05,1.401298E-45,0.1025639,1.401298E-45,0.08417377,1.401298E-45,0.02614127,5.916661E-06,1.401298E-45,1.401298E-45,1.401298E-45,1.401298E-45,1.401298E-45,1.401298E-45,1.401298E-45,1.401298E-45,1.401298E-45,1.401298E-45,1.401298E-45,1.401298E-45,1.401298E-45,0.3571319,1.401298E-45,1.401298E-45,1.401298E-45,1.401298E-45,1.401298E-45,1.401298E-45,1.401298E-45,1.401298E-45,0,0,0,0,True,lipImages\638085930607852434.bmp,
638085930740252871,0,0,0,0,0,0,0,0,0,0,0,0,0,0,0,0,0,False,eyeImages\638085930740252871.bmp,0.02750923,8.477409E-09,1.401298E-45,1.554208E-05,1.401298E-45,0.1025639,1.401298E-45,0.08417377,1.401298E-45,0.02614127,5.916661E-06,1.401298E-45,1.401298E-45,1.401298E-45,1.401298E-45,1.401298E-45,1.401298E-45,1.401298E-45,1.401298E-45,1.401298E-45,1.401298E-45,1.401298E-45,1.401298E-45,1.401298E-45,0.3571319,1.401298E-45,1.401298E-45,1.401298E-45,1.401298E-45,1.401298E-45,1.401298E-45,1.401298E-45,1.401298E-45,0,0,0,0,True,lipImages\638085930740252871.bmp,
638085930872673408,0,0,0,0,0,0,0,0,0,0,0,0,0,0,0,0,0,False,eyeImages\638085930872673408.bmp,0.02750923,8.477409E-09,1.401298E-45,1.554208E-05,1.401298E-45,0.1025639,1.401298E-45,0.08417377,1.401298E-45,0.02614127,5.916661E-06,1.401298E-45,1.401298E-45,1.401298E-45,1.401298E-45,1.401298E-45,1.401298E-45,1.401298E-45,1.401298E-45,1.401298E-45,1.401298E-45,1.401298E-45,1.401298E-45,1.401298E-45,0.3571319,1.401298E-45,1.401298E-45,1.401298E-45,1.401298E-45,1.401298E-45,1.401298E-45,1.401298E-45,1.401298E-45,0,0,0,0,True,lipImages\638085930872673408.bmp,
638085931005033810,0,0,0,0,0,0,0,0,0,0,0,0,0,0,0,0,0,False,eyeImages\638085931005033810.bmp,0.02750923,8.477409E-09,1.401298E-45,1.554208E-05,1.401298E-45,0.1025639,1.401298E-45,0.08417377,1.401298E-45,0.02614127,5.916661E-06,1.401298E-45,1.401298E-45,1.401298E-45,1.401298E-45,1.401298E-45,1.401298E-45,1.401298E-45,1.401298E-45,1.401298E-45,1.401298E-45,1.401298E-45,1.401298E-45,1.401298E-45,0.3571319,1.401298E-45,1.401298E-45,1.401298E-45,1.401298E-45,1.401298E-45,1.401298E-45,1.401298E-45,1.401298E-45,0,0,0,0,True,lipImages\638085931005033810.bmp,
638085931137424156,0,0,0,0,0,0,0,0,0,0,0,0,0,0,0,0,0,False,eyeImages\638085931137424156.bmp,0.02750923,8.477409E-09,1.401298E-45,1.554208E-05,1.401298E-45,0.1025639,1.401298E-45,0.08417377,1.401298E-45,0.02614127,5.916661E-06,1.401298E-45,1.401298E-45,1.401298E-45,1.401298E-45,1.401298E-45,1.401298E-45,1.401298E-45,1.401298E-45,1.401298E-45,1.401298E-45,1.401298E-45,1.401298E-45,1.401298E-45,0.3571319,1.401298E-45,1.401298E-45,1.401298E-45,1.401298E-45,1.401298E-45,1.401298E-45,1.401298E-45,1.401298E-45,0,0,0,0,True,lipImages\638085931137424156.bmp,
638085931269779810,0,0,0,0,0,0,0,0,0,0,0,0,0,0,0,0,0,False,eyeImages\638085931269779810.bmp,0.02750923,8.477409E-09,1.401298E-45,1.554208E-05,1.401298E-45,0.1025639,1.401298E-45,0.08417377,1.401298E-45,0.02614127,5.916661E-06,1.401298E-45,1.401298E-45,1.401298E-45,1.401298E-45,1.401298E-45,1.401298E-45,1.401298E-45,1.401298E-45,1.401298E-45,1.401298E-45,1.401298E-45,1.401298E-45,1.401298E-45,0.3571319,1.401298E-45,1.401298E-45,1.401298E-45,1.401298E-45,1.401298E-45,1.401298E-45,1.401298E-45,1.401298E-45,0,0,0,0,True,lipImages\638085931269779810.bmp,
638085931402190243,0,0,0,0,0,0,0,0,0,0,0,0,0,0,0,0,0,False,eyeImages\638085931402190243.bmp,0.02750923,8.477409E-09,1.401298E-45,1.554208E-05,1.401298E-45,0.1025639,1.401298E-45,0.08417377,1.401298E-45,0.02614127,5.916661E-06,1.401298E-45,1.401298E-45,1.401298E-45,1.401298E-45,1.401298E-45,1.401298E-45,1.401298E-45,1.401298E-45,1.401298E-45,1.401298E-45,1.401298E-45,1.401298E-45,1.401298E-45,0.3571319,1.401298E-45,1.401298E-45,1.401298E-45,1.401298E-45,1.401298E-45,1.401298E-45,1.401298E-45,1.401298E-45,0,0,0,0,True,lipImages\638085931402190243.bmp,
638085931534560736,0,0,0,0,0,0,0,0,0,0,0,0,0,0,0,0,0,False,eyeImages\638085931534560736.bmp,0.02750923,8.477409E-09,1.401298E-45,1.554208E-05,1.401298E-45,0.1025639,1.401298E-45,0.08417377,1.401298E-45,0.02614127,5.916661E-06,1.401298E-45,1.401298E-45,1.401298E-45,1.401298E-45,1.401298E-45,1.401298E-45,1.401298E-45,1.401298E-45,1.401298E-45,1.401298E-45,1.401298E-45,1.401298E-45,1.401298E-45,0.3571319,1.401298E-45,1.401298E-45,1.401298E-45,1.401298E-45,1.401298E-45,1.401298E-45,1.401298E-45,1.401298E-45,0,0,0,0,True,lipImages\638085931534560736.bmp,
638085931666951165,0,0,0,0,0,0,0,0,0,0,0,0,0,0,0,0,0,False,eyeImages\638085931666951165.bmp,0.02750923,8.477409E-09,1.401298E-45,1.554208E-05,1.401298E-45,0.1025639,1.401298E-45,0.08417377,1.401298E-45,0.02614127,5.916661E-06,1.401298E-45,1.401298E-45,1.401298E-45,1.401298E-45,1.401298E-45,1.401298E-45,1.401298E-45,1.401298E-45,1.401298E-45,1.401298E-45,1.401298E-45,1.401298E-45,1.401298E-45,0.3571319,1.401298E-45,1.401298E-45,1.401298E-45,1.401298E-45,1.401298E-45,1.401298E-45,1.401298E-45,1.401298E-45,0,0,0,0,True,lipImages\638085931666951165.bmp,
638085931799298600,0,0,0,0,0,0,0,0,0,0,0,0,0,0,0,0,0,False,eyeImages\638085931799298600.bmp,0.02750923,8.477409E-09,1.401298E-45,1.554208E-05,1.401298E-45,0.1025639,1.401298E-45,0.08417377,1.401298E-45,0.02614127,5.916661E-06,1.401298E-45,1.401298E-45,1.401298E-45,1.401298E-45,1.401298E-45,1.401298E-45,1.401298E-45,1.401298E-45,1.401298E-45,1.401298E-45,1.401298E-45,1.401298E-45,1.401298E-45,0.3571319,1.401298E-45,1.401298E-45,1.401298E-45,1.401298E-45,1.401298E-45,1.401298E-45,1.401298E-45,1.401298E-45,0,0,0,0,True,lipImages\638085931799298600.bmp,
638085931931671623,0,0,0,0,0,0,0,0,0,0,0,0,0,0,0,0,0,False,eyeImages\638085931931671623.bmp,0.02750923,8.477409E-09,1.401298E-45,1.554208E-05,1.401298E-45,0.1025639,1.401298E-45,0.08417377,1.401298E-45,0.02614127,5.916661E-06,1.401298E-45,1.401298E-45,1.401298E-45,1.401298E-45,1.401298E-45,1.401298E-45,1.401298E-45,1.401298E-45,1.401298E-45,1.401298E-45,1.401298E-45,1.401298E-45,1.401298E-45,0.3571319,1.401298E-45,1.401298E-45,1.401298E-45,1.401298E-45,1.401298E-45,1.401298E-45,1.401298E-45,1.401298E-45,0,0,0,0,True,lipImages\638085931931671623.bmp,
638085932063949695,0,0,0,0,0,0,0,0,0,0,0,0,0,0,0,0,0,False,eyeImages\638085932063949695.bmp,0.02750923,8.477409E-09,1.401298E-45,1.554208E-05,1.401298E-45,0.1025639,1.401298E-45,0.08417377,1.401298E-45,0.02614127,5.916661E-06,1.401298E-45,1.401298E-45,1.401298E-45,1.401298E-45,1.401298E-45,1.401298E-45,1.401298E-45,1.401298E-45,1.401298E-45,1.401298E-45,1.401298E-45,1.401298E-45,1.401298E-45,0.3571319,1.401298E-45,1.401298E-45,1.401298E-45,1.401298E-45,1.401298E-45,1.401298E-45,1.401298E-45,1.401298E-45,0,0,0,0,True,lipImages\638085932063949695.bmp,
638085932196258261,0,0,0,0,0,0,0,0,0,0,0,0,0,0,0,0,0,False,eyeImages\638085932196258261.bmp,0.02750923,8.477409E-09,1.401298E-45,1.554208E-05,1.401298E-45,0.1025639,1.401298E-45,0.08417377,1.401298E-45,0.02614127,5.916661E-06,1.401298E-45,1.401298E-45,1.401298E-45,1.401298E-45,1.401298E-45,1.401298E-45,1.401298E-45,1.401298E-45,1.401298E-45,1.401298E-45,1.401298E-45,1.401298E-45,1.401298E-45,0.3571319,1.401298E-45,1.401298E-45,1.401298E-45,1.401298E-45,1.401298E-45,1.401298E-45,1.401298E-45,1.401298E-45,0,0,0,0,True,lipImages\638085932196258261.bmp,
638085932328628754,0,0,0,0,0,0,0,0,0,0,0,0,0,0,0,0,0,False,eyeImages\638085932328628754.bmp,0.02750923,8.477409E-09,1.401298E-45,1.554208E-05,1.401298E-45,0.1025639,1.401298E-45,0.08417377,1.401298E-45,0.02614127,5.916661E-06,1.401298E-45,1.401298E-45,1.401298E-45,1.401298E-45,1.401298E-45,1.401298E-45,1.401298E-45,1.401298E-45,1.401298E-45,1.401298E-45,1.401298E-45,1.401298E-45,1.401298E-45,0.3571319,1.401298E-45,1.401298E-45,1.401298E-45,1.401298E-45,1.401298E-45,1.401298E-45,1.401298E-45,1.401298E-45,0,0,0,0,True,lipImages\638085932328628754.bmp,
638085932461029316,0,0,0,0,0,0,0,0,0,0,0,0,0,0,0,0,0,False,eyeImages\638085932461029316.bmp,0.02750923,8.477409E-09,1.401298E-45,1.554208E-05,1.401298E-45,0.1025639,1.401298E-45,0.08417377,1.401298E-45,0.02614127,5.916661E-06,1.401298E-45,1.401298E-45,1.401298E-45,1.401298E-45,1.401298E-45,1.401298E-45,1.401298E-45,1.401298E-45,1.401298E-45,1.401298E-45,1.401298E-45,1.401298E-45,1.401298E-45,0.3571319,1.401298E-45,1.401298E-45,1.401298E-45,1.401298E-45,1.401298E-45,1.401298E-45,1.401298E-45,1.401298E-45,0,0,0,0,True,lipImages\638085932461029316.bmp,
638085932593314732,0,0,0,0,0,0,0,0,0,0,0,0,0,0,0,0,0,False,eyeImages\638085932593314732.bmp,0.02750923,8.477409E-09,1.401298E-45,1.554208E-05,1.401298E-45,0.1025639,1.401298E-45,0.08417377,1.401298E-45,0.02614127,5.916661E-06,1.401298E-45,1.401298E-45,1.401298E-45,1.401298E-45,1.401298E-45,1.401298E-45,1.401298E-45,1.401298E-45,1.401298E-45,1.401298E-45,1.401298E-45,1.401298E-45,1.401298E-45,0.3571319,1.401298E-45,1.401298E-45,1.401298E-45,1.401298E-45,1.401298E-45,1.401298E-45,1.401298E-45,1.401298E-45,0,0,0,0,True,lipImages\638085932593314732.bmp,
638085932725677193,0,0,0,0,0,0,0,0,0,0,0,0,0,0,0,0,0,False,eyeImages\638085932725677193.bmp,0.02750923,8.477409E-09,1.401298E-45,1.554208E-05,1.401298E-45,0.1025639,1.401298E-45,0.08417377,1.401298E-45,0.02614127,5.916661E-06,1.401298E-45,1.401298E-45,1.401298E-45,1.401298E-45,1.401298E-45,1.401298E-45,1.401298E-45,1.401298E-45,1.401298E-45,1.401298E-45,1.401298E-45,1.401298E-45,1.401298E-45,0.3571319,1.401298E-45,1.401298E-45,1.401298E-45,1.401298E-45,1.401298E-45,1.401298E-45,1.401298E-45,1.401298E-45,0,0,0,0,True,lipImages\638085932725677193.bmp,
638085932858082785,0,0,0,0,0,0,0,0,0,0,0,0,0,0,0,0,0,False,eyeImages\638085932858082785.bmp,0.02750923,8.477409E-09,1.401298E-45,1.554208E-05,1.401298E-45,0.1025639,1.401298E-45,0.08417377,1.401298E-45,0.02614127,5.916661E-06,1.401298E-45,1.401298E-45,1.401298E-45,1.401298E-45,1.401298E-45,1.401298E-45,1.401298E-45,1.401298E-45,1.401298E-45,1.401298E-45,1.401298E-45,1.401298E-45,1.401298E-45,0.3571319,1.401298E-45,1.401298E-45,1.401298E-45,1.401298E-45,1.401298E-45,1.401298E-45,1.401298E-45,1.401298E-45,0,0,0,0,True,lipImages\638085932858082785.bmp,
638085932990448255,0,0,0,0,0,0,0,0,0,0,0,0,0,0,0,0,0,False,eyeImages\638085932990448255.bmp,0.02750923,8.477409E-09,1.401298E-45,1.554208E-05,1.401298E-45,0.1025639,1.401298E-45,0.08417377,1.401298E-45,0.02614127,5.916661E-06,1.401298E-45,1.401298E-45,1.401298E-45,1.401298E-45,1.401298E-45,1.401298E-45,1.401298E-45,1.401298E-45,1.401298E-45,1.401298E-45,1.401298E-45,1.401298E-45,1.401298E-45,0.3571319,1.401298E-45,1.401298E-45,1.401298E-45,1.401298E-45,1.401298E-45,1.401298E-45,1.401298E-45,1.401298E-45,0,0,0,0,True,lipImages\638085932990448255.bmp,
638085933122818667,0,0,0,0,0,0,0,0,0,0,0,0,0,0,0,0,0,False,eyeImages\638085933122818667.bmp,0.02750923,8.477409E-09,1.401298E-45,1.554208E-05,1.401298E-45,0.1025639,1.401298E-45,0.08417377,1.401298E-45,0.02614127,5.916661E-06,1.401298E-45,1.401298E-45,1.401298E-45,1.401298E-45,1.401298E-45,1.401298E-45,1.401298E-45,1.401298E-45,1.401298E-45,1.401298E-45,1.401298E-45,1.401298E-45,1.401298E-45,0.3571319,1.401298E-45,1.401298E-45,1.401298E-45,1.401298E-45,1.401298E-45,1.401298E-45,1.401298E-45,1.401298E-45,0,0,0,0,True,lipImages\638085933122818667.bmp,
638085933255205146,0,0,0,0,0,0,0,0,0,0,0,0,0,0,0,0,0,False,eyeImages\638085933255205146.bmp,0.02750923,8.477409E-09,1.401298E-45,1.554208E-05,1.401298E-45,0.1025639,1.401298E-45,0.08417377,1.401298E-45,0.02614127,5.916661E-06,1.401298E-45,1.401298E-45,1.401298E-45,1.401298E-45,1.401298E-45,1.401298E-45,1.401298E-45,1.401298E-45,1.401298E-45,1.401298E-45,1.401298E-45,1.401298E-45,1.401298E-45,0.3571319,1.401298E-45,1.401298E-45,1.401298E-45,1.401298E-45,1.401298E-45,1.401298E-45,1.401298E-45,1.401298E-45,0,0,0,0,True,lipImages\638085933255205146.bmp,
638085933387542053,0,0,0,0,0,0,0,0,0,0,0,0,0,0,0,0,0,False,eyeImages\638085933387542053.bmp,0.02750923,8.477409E-09,1.401298E-45,1.554208E-05,1.401298E-45,0.1025639,1.401298E-45,0.08417377,1.401298E-45,0.02614127,5.916661E-06,1.401298E-45,1.401298E-45,1.401298E-45,1.401298E-45,1.401298E-45,1.401298E-45,1.401298E-45,1.401298E-45,1.401298E-45,1.401298E-45,1.401298E-45,1.401298E-45,1.401298E-45,0.3571319,1.401298E-45,1.401298E-45,1.401298E-45,1.401298E-45,1.401298E-45,1.401298E-45,1.401298E-45,1.401298E-45,0,0,0,0,True,lipImages\638085933387542053.bmp,
638085933519948899,0,0,0,0,0,0,0,0,0,0,0,0,0,0,0,0,0,False,eyeImages\638085933519948899.bmp,0.02750923,8.477409E-09,1.401298E-45,1.554208E-05,1.401298E-45,0.1025639,1.401298E-45,0.08417377,1.401298E-45,0.02614127,5.916661E-06,1.401298E-45,1.401298E-45,1.401298E-45,1.401298E-45,1.401298E-45,1.401298E-45,1.401298E-45,1.401298E-45,1.401298E-45,1.401298E-45,1.401298E-45,1.401298E-45,1.401298E-45,0.3571319,1.401298E-45,1.401298E-45,1.401298E-45,1.401298E-45,1.401298E-45,1.401298E-45,1.401298E-45,1.401298E-45,0,0,0,0,True,lipImages\638085933519948899.bmp,
638085933652319310,0,0,0,0,0,0,0,0,0,0,0,0,0,0,0,0,0,False,eyeImages\638085933652319310.bmp,0.02750923,8.477409E-09,1.401298E-45,1.554208E-05,1.401298E-45,0.1025639,1.401298E-45,0.08417377,1.401298E-45,0.02614127,5.916661E-06,1.401298E-45,1.401298E-45,1.401298E-45,1.401298E-45,1.401298E-45,1.401298E-45,1.401298E-45,1.401298E-45,1.401298E-45,1.401298E-45,1.401298E-45,1.401298E-45,1.401298E-45,0.3571319,1.401298E-45,1.401298E-45,1.401298E-45,1.401298E-45,1.401298E-45,1.401298E-45,1.401298E-45,1.401298E-45,0,0,0,0,True,lipImages\638085933652319310.bmp,
638085933784679712,0,0,0,0,0,0,0,0,0,0,0,0,0,0,0,0,0,False,eyeImages\638085933784679712.bmp,0.02750923,8.477409E-09,1.401298E-45,1.554208E-05,1.401298E-45,0.1025639,1.401298E-45,0.08417377,1.401298E-45,0.02614127,5.916661E-06,1.401298E-45,1.401298E-45,1.401298E-45,1.401298E-45,1.401298E-45,1.401298E-45,1.401298E-45,1.401298E-45,1.401298E-45,1.401298E-45,1.401298E-45,1.401298E-45,1.401298E-45,0.3571319,1.401298E-45,1.401298E-45,1.401298E-45,1.401298E-45,1.401298E-45,1.401298E-45,1.401298E-45,1.401298E-45,0,0,0,0,True,lipImages\638085933784679712.bmp,
638085933917110178,0,0,0,0,0,0,0,0,0,0,0,0,0,0,0,0,0,False,eyeImages\638085933917110178.bmp,0.02750923,8.477409E-09,1.401298E-45,1.554208E-05,1.401298E-45,0.1025639,1.401298E-45,0.08417377,1.401298E-45,0.02614127,5.916661E-06,1.401298E-45,1.401298E-45,1.401298E-45,1.401298E-45,1.401298E-45,1.401298E-45,1.401298E-45,1.401298E-45,1.401298E-45,1.401298E-45,1.401298E-45,1.401298E-45,1.401298E-45,0.3571319,1.401298E-45,1.401298E-45,1.401298E-45,1.401298E-45,1.401298E-45,1.401298E-45,1.401298E-45,1.401298E-45,0,0,0,0,True,lipImages\638085933917110178.bmp,
638085934049477019,0,0,0,0,0,0,0,0,0,0,0,0,0,0,0,0,0,False,eyeImages\638085934049477019.bmp,0.02750923,8.477409E-09,1.401298E-45,1.554208E-05,1.401298E-45,0.1025639,1.401298E-45,0.08417377,1.401298E-45,0.02614127,5.916661E-06,1.401298E-45,1.401298E-45,1.401298E-45,1.401298E-45,1.401298E-45,1.401298E-45,1.401298E-45,1.401298E-45,1.401298E-45,1.401298E-45,1.401298E-45,1.401298E-45,1.401298E-45,0.3571319,1.401298E-45,1.401298E-45,1.401298E-45,1.401298E-45,1.401298E-45,1.401298E-45,1.401298E-45,1.401298E-45,0,0,0,0,True,lipImages\638085934049477019.bmp,
638085934181749479,0,0,0,0,0,0,0,0,0,0,0,0,0,0,0,0,0,False,eyeImages\638085934181749479.bmp,0.02750923,8.477409E-09,1.401298E-45,1.554208E-05,1.401298E-45,0.1025639,1.401298E-45,0.08417377,1.401298E-45,0.02614127,5.916661E-06,1.401298E-45,1.401298E-45,1.401298E-45,1.401298E-45,1.401298E-45,1.401298E-45,1.401298E-45,1.401298E-45,1.401298E-45,1.401298E-45,1.401298E-45,1.401298E-45,1.401298E-45,0.3571319,1.401298E-45,1.401298E-45,1.401298E-45,1.401298E-45,1.401298E-45,1.401298E-45,1.401298E-45,1.401298E-45,0,0,0,0,True,lipImages\638085934181749479.bmp,
638085934314097951,0,0,0,0,0,0,0,0,0,0,0,0,0,0,0,0,0,False,eyeImages\638085934314097951.bmp,0.02750923,8.477409E-09,1.401298E-45,1.554208E-05,1.401298E-45,0.1025639,1.401298E-45,0.08417377,1.401298E-45,0.02614127,5.916661E-06,1.401298E-45,1.401298E-45,1.401298E-45,1.401298E-45,1.401298E-45,1.401298E-45,1.401298E-45,1.401298E-45,1.401298E-45,1.401298E-45,1.401298E-45,1.401298E-45,1.401298E-45,0.3571319,1.401298E-45,1.401298E-45,1.401298E-45,1.401298E-45,1.401298E-45,1.401298E-45,1.401298E-45,1.401298E-45,0,0,0,0,True,lipImages\638085934314097951.bmp,
638085934446433458,0,0,0,0,0,0,0,0,0,0,0,0,0,0,0,0,0,False,eyeImages\638085934446433458.bmp,0.02750923,8.477409E-09,1.401298E-45,1.554208E-05,1.401298E-45,0.1025639,1.401298E-45,0.08417377,1.401298E-45,0.02614127,5.916661E-06,1.401298E-45,1.401298E-45,1.401298E-45,1.401298E-45,1.401298E-45,1.401298E-45,1.401298E-45,1.401298E-45,1.401298E-45,1.401298E-45,1.401298E-45,1.401298E-45,1.401298E-45,0.3571319,1.401298E-45,1.401298E-45,1.401298E-45,1.401298E-45,1.401298E-45,1.401298E-45,1.401298E-45,1.401298E-45,0,0,0,0,True,lipImages\638085934446433458.bmp,
638085934578737279,0,0,0,0,0,0,0,0,0,0,0,0,0,0,0,0,0,False,eyeImages\638085934578737279.bmp,0.02750923,8.477409E-09,1.401298E-45,1.554208E-05,1.401298E-45,0.1025639,1.401298E-45,0.08417377,1.401298E-45,0.02614127,5.916661E-06,1.401298E-45,1.401298E-45,1.401298E-45,1.401298E-45,1.401298E-45,1.401298E-45,1.401298E-45,1.401298E-45,1.401298E-45,1.401298E-45,1.401298E-45,1.401298E-45,1.401298E-45,0.3571319,1.401298E-45,1.401298E-45,1.401298E-45,1.401298E-45,1.401298E-45,1.401298E-45,1.401298E-45,1.401298E-45,0,0,0,0,True,lipImages\638085934578737279.bmp,
638085934710913789,0,0,0,0,0,0,0,0,0,0,0,0,0,0,0,0,0,False,eyeImages\638085934710913789.bmp,0.02750923,8.477409E-09,1.401298E-45,1.554208E-05,1.401298E-45,0.1025639,1.401298E-45,0.08417377,1.401298E-45,0.02614127,5.916661E-06,1.401298E-45,1.401298E-45,1.401298E-45,1.401298E-45,1.401298E-45,1.401298E-45,1.401298E-45,1.401298E-45,1.401298E-45,1.401298E-45,1.401298E-45,1.401298E-45,1.401298E-45,0.3571319,1.401298E-45,1.401298E-45,1.401298E-45,1.401298E-45,1.401298E-45,1.401298E-45,1.401298E-45,1.401298E-45,0,0,0,0,True,lipImages\638085934710913789.bmp,
638085934843204966,0,0,0,0,0,0,0,0,0,0,0,0,0,0,0,0,0,False,eyeImages\638085934843204966.bmp,0.02750923,8.477409E-09,1.401298E-45,1.554208E-05,1.401298E-45,0.1025639,1.401298E-45,0.08417377,1.401298E-45,0.02614127,5.916661E-06,1.401298E-45,1.401298E-45,1.401298E-45,1.401298E-45,1.401298E-45,1.401298E-45,1.401298E-45,1.401298E-45,1.401298E-45,1.401298E-45,1.401298E-45,1.401298E-45,1.401298E-45,0.3571319,1.401298E-45,1.401298E-45,1.401298E-45,1.401298E-45,1.401298E-45,1.401298E-45,1.401298E-45,1.401298E-45,0,0,0,0,True,lipImages\638085934843204966.bmp,
